bias voltage,76,87,97,106,114
-320,"0      31.787903
1      29.923819
2      32.901037
3      26.448479
4      31.499559
         ...    
139    27.860807
140    31.754915
141    30.914140
142    29.904581
143    31.175742
Name: 76, Length: 144, dtype: float64","0      32.650743
1      33.841882
2      32.281573
3      29.673693
4      29.831935
         ...    
139          NaN
140          NaN
141          NaN
142          NaN
143          NaN
Name: 87, Length: 144, dtype: float64","0      28.209970
1      30.059964
2      29.952580
3      30.492279
4      30.995582
         ...    
139          NaN
140          NaN
141          NaN
142          NaN
143          NaN
Name: 97, Length: 144, dtype: float64","0      33.116882
1      28.596046
2      25.914514
3      33.507710
4      31.281618
         ...    
139          NaN
140          NaN
141          NaN
142          NaN
143          NaN
Name: 106, Length: 144, dtype: float64","0      31.329770
1      32.183631
2      30.071501
3      28.840460
4      32.667692
         ...    
139          NaN
140          NaN
141          NaN
142          NaN
143          NaN
Name: 114, Length: 144, dtype: float64"
-300,"0      31.781084
1      32.791523
2      29.996825
3      30.981379
4      26.579370
         ...    
154    29.723276
155    31.459384
156    26.647048
157    30.509944
158    30.748640
Name: 76, Length: 159, dtype: float64","0      31.054713
1      29.457622
2      32.071017
3      29.725145
4      31.792094
         ...    
154          NaN
155          NaN
156          NaN
157          NaN
158          NaN
Name: 87, Length: 159, dtype: float64","0      31.052803
1      28.195870
2      29.024783
3      31.604654
4      30.704491
         ...    
154          NaN
155          NaN
156          NaN
157          NaN
158          NaN
Name: 97, Length: 159, dtype: float64","0      35.294020
1      33.616266
2      31.172962
3      32.287664
4      37.307633
         ...    
154          NaN
155          NaN
156          NaN
157          NaN
158          NaN
Name: 106, Length: 159, dtype: float64","0      33.980475
1      31.150262
2      33.696109
3      29.868362
4      31.770811
         ...    
154          NaN
155          NaN
156          NaN
157          NaN
158          NaN
Name: 114, Length: 159, dtype: float64"
-250,"0      33.064214
1      34.361483
2      30.504333
3      32.512693
4      31.450261
         ...    
164    34.345503
165    28.769474
166    34.890042
167    34.100265
168    33.206812
Name: 76, Length: 169, dtype: float64","0      32.526090
1      33.423960
2      34.635655
3      31.301709
4      32.671579
         ...    
164          NaN
165          NaN
166          NaN
167          NaN
168          NaN
Name: 87, Length: 169, dtype: float64","0      31.376725
1      36.383778
2      36.943394
3      33.924778
4      35.859962
         ...    
164          NaN
165          NaN
166          NaN
167          NaN
168          NaN
Name: 97, Length: 169, dtype: float64","0      32.546647
1      37.806566
2      36.850475
3      35.617540
4      33.822204
         ...    
164          NaN
165          NaN
166          NaN
167          NaN
168          NaN
Name: 106, Length: 169, dtype: float64","0      34.256032
1      34.759681
2      36.019943
3      33.337670
4      36.048359
         ...    
164          NaN
165          NaN
166          NaN
167          NaN
168          NaN
Name: 114, Length: 169, dtype: float64"
-210,"0      35.735854
1      35.482303
2      34.370878
3      36.967031
4      33.989537
         ...    
153    34.591748
154    38.240550
155    35.890249
156    34.638174
157    36.130953
Name: 76, Length: 158, dtype: float64","0      37.839814
1      37.474585
2      39.702464
3      32.350503
4      38.189122
         ...    
153          NaN
154          NaN
155          NaN
156          NaN
157          NaN
Name: 87, Length: 158, dtype: float64","0      40.301319
1      36.724064
2      37.559844
3      39.552580
4      39.534054
         ...    
153          NaN
154          NaN
155          NaN
156          NaN
157          NaN
Name: 97, Length: 158, dtype: float64","0      36.765491
1      41.044358
2      35.426961
3      39.179179
4      36.171158
         ...    
153          NaN
154          NaN
155          NaN
156          NaN
157          NaN
Name: 106, Length: 158, dtype: float64","0      32.965899
1      41.417795
2      34.837911
3      33.893709
4      38.079230
         ...    
153          NaN
154          NaN
155          NaN
156          NaN
157          NaN
Name: 114, Length: 158, dtype: float64"
-180,"0      38.571719
1      40.571401
2      36.339886
3      42.974636
4      39.991503
         ...    
151    37.687224
152    39.230095
153    40.826142
154    37.332789
155    40.476800
Name: 76, Length: 156, dtype: float64","0      36.159336
1      36.813758
2      41.032303
3      43.819178
4      39.920488
         ...    
151          NaN
152          NaN
153          NaN
154          NaN
155          NaN
Name: 87, Length: 156, dtype: float64","0      40.615257
1      39.398342
2      42.302323
3      38.796816
4      37.397569
         ...    
151          NaN
152          NaN
153          NaN
154          NaN
155          NaN
Name: 97, Length: 156, dtype: float64","0      40.265341
1      42.819099
2      40.518855
3      42.376030
4      48.394589
         ...    
151          NaN
152          NaN
153          NaN
154          NaN
155          NaN
Name: 106, Length: 156, dtype: float64","0      42.080309
1      46.284284
2      35.985965
3      42.739154
4      41.988272
         ...    
151          NaN
152          NaN
153          NaN
154          NaN
155          NaN
Name: 114, Length: 156, dtype: float64"
-150,"0      39.150847
1      46.743034
2      42.228109
3      42.445307
4      38.726067
         ...    
155    44.838428
156    39.066550
157    45.910080
158    40.504195
159    43.468431
Name: 76, Length: 160, dtype: float64","0      44.324957
1      43.529244
2      40.500552
3      44.815584
4      45.258427
         ...    
155          NaN
156          NaN
157          NaN
158          NaN
159          NaN
Name: 87, Length: 160, dtype: float64","0      48.101615
1      43.540494
2      39.602301
3      39.611267
4      44.933177
         ...    
155          NaN
156          NaN
157          NaN
158          NaN
159          NaN
Name: 97, Length: 160, dtype: float64","0      48.600657
1      43.847184
2      45.000982
3      44.511790
4      56.573286
         ...    
155          NaN
156          NaN
157          NaN
158          NaN
159          NaN
Name: 106, Length: 160, dtype: float64","0      48.081558
1      42.824124
2      44.549116
3      48.282425
4      42.528892
         ...    
155          NaN
156          NaN
157          NaN
158          NaN
159          NaN
Name: 114, Length: 160, dtype: float64"
-120,"0      41.383648
1      52.869674
2      53.478800
3      45.361263
4      43.962816
         ...    
130    47.672902
131    52.055966
132    45.507229
133    42.626858
134    43.288105
Name: 76, Length: 135, dtype: float64","0      50.961286
1      48.602966
2      49.450533
3      51.659709
4      45.179499
         ...    
130          NaN
131          NaN
132          NaN
133          NaN
134          NaN
Name: 87, Length: 135, dtype: float64","0      51.164080
1      52.727814
2      53.615221
3      47.968326
4      49.332373
         ...    
130          NaN
131          NaN
132          NaN
133          NaN
134          NaN
Name: 97, Length: 135, dtype: float64","0      49.844071
1      53.006495
2      49.420573
3      50.622758
4      50.012539
         ...    
130          NaN
131          NaN
132          NaN
133          NaN
134          NaN
Name: 106, Length: 135, dtype: float64","0      53.646118
1      49.075161
2      51.323633
3      50.982239
4      51.765398
         ...    
130          NaN
131          NaN
132          NaN
133          NaN
134          NaN
Name: 114, Length: 135, dtype: float64"
